0,org_name,Област,Община,Град/село,Район,special_territory_type,special_territory_name,description,contact_email
1,Агенция за държавна финансова инспекция,,,,,,,,
2,Агенция за социално подпомагане,,,,,,,,
3,Агенция за устойчиво енергийно развитие,,,,,,,,
4,Агенция за хората с увреждания,,,,,,,,
5,Агенция за ядрено регулиране,,,,,,,,
6,Агенция Митници,,,,,,,,
7,Агенция по вписванията,,,,,,,,
8,"Агенция по геодезия, картография и кадастър",,,,,,,,
9,Агенция по заетостта,,,,,,,,
10,Агенция по обществени поръчки,,,,,,,,
11,Агенция Пътна инфраструктура,,,,,,,,
12,Администрация на Министерския съвет,,,,,,,,
13,Антидопингов център,,,,,,,,
14,Басейнова дирекция Дунавски район,"Видин;Монтана;Враца;Плевен;Велико Търново;Разград;Русе;Силистра;Добрич,Варна,Шумен,Търговище,Габрово,Ловеч,Софийска област;София-столица;Перник",,,,,,"Обхваща водосборните басейни на река Дунав и всички нейни притоци на територията на България, включително големи реки като Лоом, Искър, Вит, Осъм, Янтра, Росица, Русенски Лом, както и реките от Предбалкана от р. Тимок до р. Янтра.",
15,Басейнова дирекция Западнобеломорски район,Кюстендил;Благоевград;Перик,,,,,,"Обхваща водосборите на реките Струма, Места и Доспат",
16,Басейнова дирекция Източнобеломорски район,Пазарджик;Пловдив;Смолян;Кърджали;Хасково;Сливен;Ямбол;Бургас,,,,,,"Обхваща водосборите на реките Марица, Тунджа и Арда",
17,Басейнова дирекция Черноморски район,Варна;Добрич;Шумен;Търговище;Бургас;Ямбол;Разград;Сливен,,,,,,"Обхваща водосборите на всички реки, вливащи се директно в Черно море в България, включително големи реки като Камчия, Провадийска, Девненска, Ахелой, Русокастренска, Хаджийска, Айтоска, както и много по-малки, като покрива цялото българско Черноморие от Север до Юг. ",
18,Българска агенция за инвестиции,,,,,,,,
19,Българска агенция по безопасност на храните,,,,,,,,
20,Български зъболекарски съюз,,,,,,,,
21,Български институт по метрология,,,,,,,,
22,Български лекарски съюз,,,,,,,,
23,Български пощи ЕАД,,,,,,,,
24,Български фармацевтичен съюз,,,,,,,,
25,Главна дирекция Гражданска въздухоплавателна администрация,,,,,,,,
26,Главна дирекция Изпълнение на наказанията,,,,,,,,
27,Граждански профил,,,,,,,,
28,Дирекция за национален строителен контрол,,,,,,,,
29,Дирекция Морска администрация - Варна,Варна,,,,,,,
30,Дирекция Национален парк Пирин,Благоевград,Разлог;Банско;Гоце Делчев;Сандански;Кресна;Симитли;Струмяни,,,Национален Парк,Пирин,,
31,Дирекция Национален парк Рила,Благоевград;Кюстендил;Софийска област;Пазарджик,,,,Национален Парк,Рила,,
32,Дирекция Национален парк Централен Балкан,Ловеч;Габрово;Стара Загора;Пловдив;Софийска област,,,,Национален Парк,Централен Балкан,,
33,"Дирекция Хидромелиорации, инвестиционна политика и концесии",,,,,,,,
34,Държавен фонд Земеделие,,,,,,,,
35,Държавна агенция „Държавен резерв и военновременни запаси”,,,,,,,,
36,Държавна агенция Архиви,,,,,,,,
37,Държавна агенция за бежанците при Министерски съвет,,,,,,,,
38,Държавна агенция за българите в чужбина,,,,,,,,
39,Държавна агенция за закрила на детето,,,,,,,,
40,Държавна агенция за метрологичен и технически надзор,,,,,,,,
41,Държавна комисия по стоковите борси и тържищата,,,,,,,,
42,Държавната комисия по хазарта,,,,,,,,
43,Изпълнителна агенция Автомобилна администрация,,,,,,,,
44,Изпълнителна агенция Българска служба за акредитация,,,,,,,,
45,Изпълнителна агенция Главна инспекция по труда,,,,,,,,
46,Изпълнителна агенция Железопътна администрация,,,,,,,,
47,Изпълнителна агенция Медицински надзор,,,,,,,,
48,Изпълнителна агенция Морска администрация,,,,,,,,
49,Изпълнителна агенция по горите,,,,,,,,
50,Изпълнителна агенция по лекарствата,,,,,,,,
51,Изпълнителна агенция по лозата и виното (ИАЛВ),,,,,,,,
52,Изпълнителна агенция по околна среда,,,,,,,,
53,Изпълнителна агенция по селекция и репродукция в животновъдството,,,,,,,,
54,Изпълнителна агенция Проучване и поддържане на река Дунав,,,,,,,,
55,Институт по публична администрация,,,,,,,,
56,Комисия за енергийно и водно регулиране,,,,,,,,
57,Комисия за защита на конкуренцията,,,,,,,,
58,Комисия за защита на личните данни,,,,,,,,
59,Комисия за защита на потребителите,,,,,,,,
60,Комисия за защита от дискриминация,,,,,,,,
61,Комисия за противодействие на корупцията и за отнемане на незаконно придобитото имущество,,,,,,,,
62,Комисия за разкриване на документите и за обявяване на принадлежност на български граждани към Държавна сигурност Българската народна армия и разузнавателните служби на Българската народна армия,,,,,,,,
63,Комисия за регулиране на съобщенията,,,,,,,,
64,Комисия за финансов надзор,,,,,,,,
65,Лесозащитна станция  Пловдив,Пазарджик;Пловдив;Стара Загора;Кърджали;Смолян,,,,,,,lzsplovdiv@iag.bg
66,Летище София,София-столица,,,,,,,
67,Министерство на външните работи,,,,,,,,Priemna@mfa.bg
68,Министерство на вътрешните работи,,,,,,,,priemna@mvr.bg
69,Министерство на електронното управление,,,,,,,,mail@egov.government.bg
70,Министерство на енергетиката,,,,,,,,e-energy@me.government.bg
71,Министерство на здравеопазването,,,,,,,,press@mh.government.bg
72,"Министерство на земеделието, храните и горите",,,,,,,,mail@mzh.government.bg
73,Министерство на икономиката и индустрията,,,,,,,,e-docs@mi.government.bg
74,Министерство на иновациите и растежа,,,,,,,,docs@mig.government.bg
75,Министерство на културата,,,,,,,,delovodstvo@mc.government.bg
76,Министерство на младежта и спорта,,,,,,,,question@mpes.government.bg
77,Министерство на образованието и науката,,,,,,,,priemna@mon.bg
78,Министерство на околната среда и водите,,,,,,,,edno_gishe@moew.government.bg
79,Министерство на отбраната,,,,,,,,cao@mod.bg
80,Министерство на правосъдието,,,,,,,,priemna@justice.government.bg
81,Министерство на регионалното развитие и благоустройството,,,,,,,,e-mrrb@mrrb.government.bg
82,"Министерство на транспорта, информационните технологии и съобщенията",,,,,,,,mail@mtc.government.bg
83,Министерство на труда и социалната политика,,,,,,,,mlsp@mlsp.government.bg
84,Министерство на туризма,,,,,,,,tourism@tourism.government.bg
85,Министерство на финансите,,,,,,,,feedback@minfin.bg
86,Народно събрание,,,,,,,,
87,Национален институт за недвижимо културно наследство,,,,,,,,
88,Национален институт за помирение и арбитраж,,,,,,,,
89,Национален институт по метеорология и хидрология,,,,,,,,
90,Национален осигурителен институт,,,,,,,,
91,Национален статистически институт,,,,,,,,
92,Национален съвет по цени и реимбурсиране на лекарствените продукти,,,,,,,,
93,Национален филмов център,,,,,,,,
94,Национален център за информация и документация,,,,,,,,
95,Национален център по обществено здраве и анализи,,,,,,,,
96,Национална агенция за приходите,,,,,,,,
97,Национална агенция за професионално образование и обучение,,,,,,,,
98,Национална здравноосигурителна каса,,,,,,,,
99,Национална комисия за борба с трафика на хора,,,,,,,,
100,Национална компания Железопътна инфраструктура,,,,,,,,
101,Национално бюро за правна помощ,,,,,,,,
102,Областна aдминистрация Търговище,Търговище,,,,,,,
103,Областна администрация Благоевград,Благоевград,,,,,,,
104,Областна администрация Бургас,Бургас,,,,,,,
105,Областна администрация Варна,Варна,,,,,,,
106,Областна администрация Велико Търново,Велико Търново,,,,,,,
107,Областна администрация Видин,Видин,,,,,,,
108,Областна администрация Враца,Враца,,,,,,,
109,Областна администрация Габрово,Габрово,,,,,,,
110,Областна администрация Добрич,Добрич,,,,,,,
111,Областна администрация Кърджали,Кърджали,,,,,,,
112,Областна администрация Кюстендил,Кюстендил,,,,,,,
113,Областна администрация Ловеч,Ловеч,,,,,,,
114,Областна администрация Монтана,Монтана,,,,,,,
115,Областна администрация област София,София-столица,,,,,,,
116,Областна администрация Пазарджик,Пазарджик,,,,,,,
117,Областна администрация Перник,Перник,,,,,,,
118,Областна администрация Плевен,Плевен,,,,,,,
119,Областна администрация Пловдив,Пловдив,,,,,,,
120,Областна администрация Разград,Разград,,,,,,,
121,Областна администрация Русе,Русе,,,,,,,
122,Областна администрация Силистра,Силистра,,,,,,,
123,Областна администрация Сливен,Сливен,,,,,,,
124,Областна администрация Смолян,Смолян,,,,,,,
125,Областна администрация Софийска област,Софийска област,,,,,,,
126,Областна администрация Стара Загора,Стара Загора,,,,,,,
127,Областна администрация Хасково,Хасково,,,,,,,
128,Областна администрация Шумен,Шумен,,,,,,,
129,Областна администрация Ямбол,Ямбол,,,,,,,
130,Областна дирекция Земеделие  Габрово,Габрово,,,,,,,
131,Областна дирекция Земеделие  Пазарджик,Пазарджик,,,,,,,
132,Областна дирекция Земеделие  Хасково,Хасково,,,,,,,
133,Областна дирекция Земеделие Благоевград,Благоевград,,,,,,,
134,Областна дирекция Земеделие Бургас,Бургас,,,,,,,
135,Областна Дирекция Земеделие Варна,Варна,,,,,,,
136,Областна дирекция Земеделие Велико Търново,Велико Търново,,,,,,,
137,Областна дирекция Земеделие Видин,Видин,,,,,,,
138,Областна дирекция Земеделие Враца,Враца,,,,,,,
139,Областна дирекция Земеделие Добрич,Добрич,,,,,,,
140,Областна дирекция Земеделие Кърджали,Кърджали,,,,,,,
141,Областна дирекция Земеделие Кюстендил,Кюстендил,,,,,,,
142,Областна дирекция Земеделие Ловеч,Ловеч,,,,,,,
143,Областна дирекция Земеделие Монтана,Монтана,,,,,,,
144,Областна дирекция Земеделие Перник,Перник,,,,,,,
145,Областна дирекция Земеделие Плевен,Плевен,,,,,,,
146,Областна дирекция Земеделие Пловдив,Пловдив,,,,,,,
147,Областна дирекция Земеделие Разград,Разград,,,,,,,
148,Областна дирекция Земеделие Русе,Русе,,,,,,,
149,Областна дирекция Земеделие Силистра,Силистра,,,,,,,
150,Областна дирекция Земеделие Сливен,Сливен,,,,,,,
151,Областна дирекция Земеделие Смолян,Смолян,,,,,,,
152,Областна Дирекция Земеделие София град,София-столица,,,,,,,
153,Областна дирекция Земеделие София област,Софийска област,,,,,,,
154,Областна дирекция Земеделие Стара Загора,Стара Загора,,,,,,,
155,Областна дирекция Земеделие Търговище,Търговище,,,,,,,
156,Областна дирекция Земеделие Шумен,Шумен,,,,,,,
157,Областна дирекция Земеделие Ямбол,Ямбол,,,,,,,
158,Община Аврен,Варна,Аврен,,,,,,kmet@avren.bg
159,Община Айтос,Бургас,Айтос,,,,,,obshtina@aytos.bg
160,Община Аксаково,Варна,Аксаково,,,,,,aksakovo@mail.orbitel.bg
161,Община Алфатар,Силистра,Алфатар,,,,,,obshtina_alfatar@abv.bg
162,Община Антон,София,Антон,,,,,,obanton@abv.bg
163,Община Антоново,Търговище,Антоново,,,,,,ob_antonovo@abv.bg
164,Община Априлци,Ловеч,Априлци,,,,,,info@obshtina-apriltsi.com
165,Община Ардино,Кърджали,Ардино,,,,,,ardino@abv.bg
166,Община Асеновград,Пловдив,Асеновград,,,,,,obshtina@asenovgrad.bg
167,Община Балчик,Добрич,Балчик,,,,,,mayor@balchik.bg
168,Община Баните,Смолян,Баните,,,,,,banite@banite.egov.bg
169,Община Банско,Благоевград,Банско,,,,,,obabansko@bansko.bg
170,Община Батак,Пазарджик,Батак,,,,,,mncplt_batak@abv.bg
171,Община Белене,Плевен,Белене,,,,,,obshtinabl@abv.bg
172,Община Белица,Благоевград,Белица,,,,,,obelica@abv.bg
173,Община Белово,Пазарджик,Белово,,,,,,kmet@belovo.bg
174,Община Белоградчик,Видин,Белоградчик,,,,,,kmet@belogradchik.egov.bg
175,Община Белослав,Варна,Белослав,,,,,,obshtina_beloslav@beloslav.org
176,Община Берковица,Монтана,Берковица,,,,,,ob@berkovitsa.com
177,Община Благоевград,Благоевград,Благоевград,,,,,,blg@blagoevgrad.bg
178,Община Бобов дол,Кюстендил,Бобов дол,,,,,,obshtina@bobovdol.egov.bg
179,Община Бобошево,Кюстендил,Бобошево,,,,,,obshtina@boboshevo.egov.bg
180,Община Божурище,София,Божурище,,,,,,obshtina@bozhurishte.bg
181,Община Бойница,Видин,Бойница,,,,,,boinica@mail.orbitel.bg
182,Община Бойчиновци,Монтана,Бойчиновци,,,,,,kmet@boychinovtsi.bg
183,Община Болярово,Ямбол,Болярово,,,,,,obstina@bolyarovo.bg
184,Община Борино,Смолян,Борино,,,,,,obshtina@borino.egov.bg
185,Община Борован,Враца,Борован,,,,,,ob.borovan@borovan.egov.bg
186,Община Борово,Русе,Борово,,,,,,borovo@borovo.org
187,Община Ботевград,София,Ботевград,,,,,,obshtina@botevgrad.org
188,Община Братя Даскалови,Стара Загора,Братя Даскалови,,,,,,kmet@brdaskalovi.egov.bg
189,Община Брацигово,Пазарджик,Брацигово,,,,,,kmet@bratsigovo.egov.bg
190,Община Брегово,Видин,Брегово,,,,,,kmet@bregovo.bg
191,Община Брезник,Перник,Брезник,,,,,,kmet@breznik.egov.bg
192,Община Брезово,Пловдив,Брезово,,,,,,oba@brezovo.bg
193,Община Брусарци,Монтана,Брусарци,,,,,,obshtina@brusartsi.egov.bg
194,Община Бургас,Бургас,Бургас,,,,,,obshtina@burgas.bg
195,Община Бяла Слатина,Варна,Бяла Слатина,,,,,,byala_mayor@abv.bg
196,Община Бяла-обл. Варна,Русе,Бяла-обл. Варна,,,,,,byala.rs@byala.bg
197,Община Бяла-обл. Русе,Враца,Бяла-обл. Русе,,,,,,bslatina@oabsl.bg
198,Община Варна,Варна,Варна,,,,,,adm_obsluzhvane@varna.bg
199,Община Варна - Район Аспарухово,Варна,Варна,Варна,Район Аспарухово,,,,
200,Община Варна - Район Владислав Варненчик,Варна,Варна,Варна,Район Владислав Варненчик,,,,
201,Община Варна - Район Младост,Варна,Варна,Варна,Район Младост,,,,
202,Община Варна - Район Одесос,Варна,Варна,Варна,Район Одесос,,,,
203,Община Варна - Район Приморски,Варна,Варна,Варна,Район Приморски,,,,
204,Община Велики Преслав,Шумен,Велики Преслав,,,,,,info@velikipreslav.bg
205,Община Велико Търново,Велико Търново,Велико Търново,,,,,,obshtina@veliko-tarnovo.bg
206,Община Велинград,Пазарджик,Велинград,,,,,,obshtina@velingrad.bg
207,Община Венец,Шумен,Венец,,,,,,kmet@venets.bg
208,Община Ветово,Русе,Ветово,,,,,,vetovo@vetovo.bg
209,Община Ветрино,Варна,Ветрино,,,,,,obshtina@vetrino.bg
210,Община Видин,Видин,Видин,,,,,,kmet@vidin.bg
211,Община Враца,Враца,Враца,,,,,,obshtinavr@b-trust.org
212,Община Вълчедръм,Монтана,Вълчедръм,,,,,,kmet@valchedram.egov.bg
213,Община Вълчи дол,Варна,Вълчи дол,,,,,,oba@valchidol.bg
214,Община Върбица,Шумен,Върбица,,,,,,kmet@varbitsa.bg
215,Община Вършец,Монтана,Вършец,,,,,,admin@varshets.bg
216,Община Габрово,Габрово,Габрово,,,,,,gabrovo@gabrovo.bg
217,Община Генерал Тошево,Добрич,Генерал Тошево,,,,,,mail@toshevo.org
218,Община Георги Дамяново,Монтана,Георги Дамяново,,,,,,gd3470@mail.bg
219,Община Главиница,Силистра,Главиница,,,,,,obshtina@glavinitsa.bg
220,Община Годеч,София,Годеч,,,,,,obshtina_godech@abv.bg
221,Община Горна Малина,София,Горна Малина,,,,,,gmalina@gornamalina.bg
222,Община Горна Оряховица,Велико Търново,Горна Оряховица,,,,,,obshtina@g-oryahovica.bg
223,Община Гоце Делчев,Благоевград,Гоце Делчев,,,,,,obshtina@gotsedelchev.bg
224,Община Грамада,Видин,Грамада,,,,,,obstina_gramada@abv.bg
225,Община Гулянци,Плевен,Гулянци,,,,,,obshtina_gulianci@mail.bg
226,Община Гурково,Стара Загора,Гурково,,,,,,obshtina@gurkovo.bg
227,Община Гълъбово,Стара Загора,Гълъбово,,,,,,obshtinagalabovo@gmail.com
228,Община Гърмен,Благоевград,Гърмен,,,,,,oba@garmen.bg
229,Община Две могили,Русе,Две могили,,,,,,obshtina@dvemogili.egov.bg
230,Община Девин,Смолян,Девин,,,,,,obshtina@devin.bg
231,Община Девня,Варна,Девня,,,,,,kmet@devnia.bg
232,Община Джебел,Кърджали,Джебел,,,,,,kmet@dzhebel.bg
233,Община Димитровград,Хасково,Димитровград,,,,,,obshtina@dimitrovgrad.bg
234,Община Димово,Видин,Димово,,,,,,obstina_dimovo@abv.bg
235,Община Добрич,Добрич,Добрич,,,,,,obshtina@dobrichka.bg
236,Община Добричка,Добрич,Добричка,,,,,,obshtinadb@abv.bg
237,Община Долна Баня,София,Долна Баня,,,,,,
238,Община Долна Митрополия,Плевен,Долна Митрополия,,,,,,dolnamitropolia@el-soft.com
239,Община Долни Дъбник,Плевен,Долни Дъбник,,,,,,dolnidabnik@dolnidabnik.egov.bg
240,Община Долни Чифлик,Варна,Долни Чифлик,,,,,,obshtina@dolnichiflik.bg
241,Община Доспат,Смолян,Доспат,,,,,,Obshtina.Dospat@dospat.egov.bg
242,Община Драгоман,София,Драгоман,,,,,,obshtina_dragoman@abv.bg
243,Община Дряново,Габрово,Дряново,,,,,,dryanovo@dryanovo.bg
244,Община Дулово,Силистра,Дулово,,,,,,obshtina@dulovo.bg
245,Община Дупница,Кюстендил,Дупница,,,,,,admin_dupnitsa@dupnitsa.bg
246,Община Дългопол,Варна,Дългопол,,,,,,obshtina@dalgopol.egov.bg
247,Община Елена,Велико Търново,Елена,,,,,,obshtina@elena.bg
248,Община Елин Пелин,София,Елин Пелин,,,,,,cao@elinpelin.bg
249,Община Елхово,Ямбол,Елхово,,,,,,obshtina@elhovo.bg
250,Община Етрополе,София,Етрополе,,,,,,obstina@etropolebg.com
251,Община Завет,Разград,Завет,,,,,,zavet@zavet-bg.com
252,Община Земен,Перник,Земен,,,,,,obshtina_zemen@abv.bg
253,Община Златарица,Велико Търново,Златарица,,,,,,obshtina@zlataritsa.bg
254,Община Златица,София,Златица,,,,,,kao@zlatitsa.bg
255,Община Златоград,Смолян,Златоград,,,,,,ObA-zlatograd@zlatograd.bg
256,Община Ивайловград,Хасково,Ивайловград,,,,,,obshtina@ivaylovgrad.bg
257,Община Иваново,Русе,Иваново,,,,,,obshtina@ivanovo.bg
258,Община Искър,Плевен,Искър,,,,,,iskar@iskarbg.bg
259,Община Исперих,Разград,Исперих,,,,,,isperih@isperih.bg
260,Община Ихтиман,София,Ихтиман,,,,,,obshtina_ihtiman@mail.bg
261,Община Каварна,Добрич,Каварна,,,,,,obshtina@kavarna.bg
262,Община Казанлък,Стара Загора,Казанлък,,,,,,
263,Община Кайнарджа,Силистра,Кайнарджа,,,,,,
264,Община Калояново,Пловдив,Калояново,,,,,,kaloianovo@mail-bg.com
265,Община Камено,Бургас,Камено,,,,,,obshtina@kameno.bg
266,Община Каолиново,Шумен,Каолиново,,,,,,info@kaolinovo.bg
267,Община Карлово,Пловдив,Карлово,,,,,,obshtina@karlovo.bg
268,Община Карнобат,Бургас,Карнобат,,,,,,karnobat@mail.bg
269,Община Каспичан,Шумен,Каспичан,,,,,,obshtina@kaspichan.org
270,Община Кирково,Кърджали,Кирково,,,,,,kirkovo@kirkovo.bg
271,Община Кнежа,Плевен,Кнежа,,,,,,obstina_kneja@knezha.bg
272,Община Ковачевци,Перник,Ковачевци,,,,,,oba_kovachevtsi@abv.bg
273,Община Козлодуй,Враца,Козлодуй,,,,,,obshtina.kozloduy@gmail.com
274,Община Копривщица,София,Копривщица,,,,,,info@koprivshtitsa-bg.com
275,Община Костенец,София,Костенец,,,,,,kostenetz_adm@kostenetz.com
276,Община Костинброд,София,Костинброд,,,,,,kostinbrod.bg@gmail.com
277,Община Котел,Сливен,Котел,,,,,,kmet@kotel.bg
278,Община Кочериново,Кюстендил,Кочериново,,,,,,obst_kocherinovo@mail.bg
279,Община Кресна,Благоевград,Кресна,,,,,,obshtina_kresna@abv.bg
280,Община Криводол,Враца,Криводол,,,,,,krivodol@mbox.is-bg.net
281,Община Кричим,Пловдив,Кричим,,,,,,delovodstvo@krichim.egov.bg
282,Община Крумовград,Кърджали,Крумовград,,,,,,minkrum@krumovgrad.bg
283,Община Крушари,Добрич,Крушари,,,,,,krushari@krushari.bg
284,Община Кубрат,Разград,Кубрат,,,,,,kubrat@kubrat.org
285,Община Куклен,Пловдив,Куклен,,,,,,
286,Община Кула,Видин,Кула,,,,,,obshtina@kula.egov.bg
287,Община Кърджали,Кърджали,Кърджали,,,,,,obshtinakardzhali@kardjali.bg
288,Община Кюстендил,Кюстендил,Кюстендил,,,,,,obshtina@kyustendil.bg
289,Община Левски,Плевен,Левски,,,,,,obshtina@oblevski.egov.bg
290,Община Лесичово,Пазарджик,Лесичово,,,,,,oba_lesichovo@abv.bg
291,Община Летница,Ловеч,Летница,,,,,,letnitsa@mail.bg
292,Община Ловеч,Ловеч,Ловеч,,,,,,obshtina@lovech.bg
293,Община Лозница,Разград,Лозница,,,,,,obshtina@loznitsa.bg
294,Община Лом,Монтана,Лом,,,,,,lom.municipality@lom.egov.bg
295,Община Луковит,Ловеч,Луковит,,,,,,lukovit@lukovit.bg
296,Община Лъки,Пловдив,Лъки,,,,,,laki@laki.egov.bg
297,Община Любимец,Хасково,Любимец,,,,,,oba@lyubimets.bg
298,Община Лясковец,Велико Търново,Лясковец,,,,,,obshtina@lyaskovets.net
299,Община Мадан,Смолян,Мадан,,,,,,madanoba@gmail.bg
300,Община Маджарово,Хасково,Маджарово,,,,,,madjarovo@abv.bg
301,Община Макреш,Видин,Макреш,,,,,,makresh@b-trust.org
302,Община Малко Търново,Бургас,Малко Търново,,,,,,mt_kmet@mail.bg
303,Община Марица,Пловдив,Марица,,,,,,obshtina@maritsa.bg
304,Община Медковец,Монтана,Медковец,,,,,,medkovec@mail.bg
305,Община Мездра,Враца,Мездра,,,,,,obshtina@mezdra.egov.bg
306,Община Мизия,Враца,Мизия,,,,,,mizia@mizia.egov.bg
307,Община Минерални бани,Хасково,Минерални бани,,,,,,min_bani@abv.bg
308,Община Мирково,София,Мирково,,,,,,info@mirkovo.bg
309,Община Момчилград,Кърджали,Момчилград,,,,,,obshtina@momchilgrad.bg
310,Община Монтана,Монтана,Монтана,,,,,,montana@montana.bg
311,Община Мъглиж,Стара Загора,Мъглиж,,,,,,obshtina@maglizh.bg
312,Община Невестино,Кюстендил,Невестино,,,,,,obshtina@nevestino.bg
313,Община Неделино,Смолян,Неделино,,,,,,oba_nedelino@abv.bg
314,Община Несебър,Бургас,Несебър,,,,,,mer@nesebar.bg
315,Община Никола Козлево,Шумен,Никола Козлево,,,,,,obankozlevo@mail.bg
316,Община Николаево,Стара Загора,Николаево,,,,,,obnikolaevo@nikolaevo.net
317,Община Никопол,Плевен,Никопол,,,,,,obshtina@nikopol-bg.com
318,Община Нова Загора,Сливен,Нова Загора,,,,,,obshtina@nova-zagora.org
319,Община Нови Пазар,Шумен,Нови Пазар,,,,,,npazar@icon.bg
320,Община Ново село,Видин,Ново село,,,,,,obshtina-novoselo@abv.bg
321,Община Омуртаг,Търговище,Омуртаг,,,,,,kmet@omurtag.egov.bg
322,Община Опака,Търговище,Опака,,,,,,obstinaopaka@abv.bg
323,Община Опан,Стара Загора,Опан,,,,,,opan@mail.bg
324,Община Оряхово,Враца,Оряхово,,,,,,kmet@oryahovo.egov.bg
325,Община Павел Баня,Стара Загора,Павел Баня,,,,,,mayor@pavelbanya.bg
326,Община Павликени,Велико Търново,Павликени,,,,,,obshtina@pavlikeni.bg
327,Община Пазарджик,Пазарджик,Пазарджик,,,,,,secretary@pazardjik.bg
328,Община Панагюрище,Пазарджик,Панагюрище,,,,,,panagyurishte@panagyurishte.bg
329,Община Перник,Перник,Перник,,,,,,obshtina@pernik.bg
330,Община Перущица,Пловдив,Перущица,,,,,,obshtina@perushtitsa.egov.bg
331,Община Петрич,Благоевград,Петрич,,,,,,oapetrich@petrich.bg
332,Община Пещера,Пазарджик,Пещера,,,,,,mayor@peshtera.bg
333,Община Пирдоп,София,Пирдоп,,,,,,obshtina@pirdop.egov.bg
334,Община Плевен,Плевен,Плевен,,,,,,mayor@pleven.bg
335,Община Пловдив,Пловдив,Пловдив,,,,,,info@plovdiv.bg
336,Община Пловдив - Район Западен,Пловдив,Пловдив,Пловдив,Район Западен,,,,
337,Община Пловдив - Район Източен,Пловдив,Пловдив,Пловдив,Район Източен,,,,
338,Община Пловдив - Район Северен,Пловдив,Пловдив,Пловдив,Район Северен,,,,
339,Община Пловдив - Район Тракия,Пловдив,Пловдив,Пловдив,Район Тракия,,,,
340,Община Пловдив - Район Централен,Пловдив,Пловдив,Пловдив,Район Централен,,,,
341,Община Пловдив - Район Южен,Пловдив,Пловдив,Пловдив,Район Южен,,,,
342,Община Полски Тръмбеш,Велико Търново,Полски Тръмбеш,,,,,,obshtina@trambesh.egov.bg
343,Община Поморие,Бургас,Поморие,,,,,,mayor@pomorie.bg
344,Община Попово,Търговище,Попово,,,,,,obstina@popovo.bg
345,Община Пордим,Плевен,Пордим,,,,,,obshtina@podim.bg
346,Община Правец,София,Правец,,,,,,obshtina@pravets.bg
347,Община Приморско,Бургас,Приморско,,,,,,obshtina@primorsko.bg
348,Община Провадия,Варна,Провадия,,,,,,delo@provadia.bg
349,Община Първомай,Пловдив,Първомай,,,,,,obaparv@parvomai.bg
350,Община Раднево,Стара Загора,Раднево,,,,,,obshtina@radnevo.bg
351,Община Радомир,Перник,Радомир,,,,,,radomir@radomir.bg
352,Община Разград,Разград,Разград,,,,,,obshtina@razgrad.bg
353,Община Разлог,Благоевград,Разлог,,,,,,kmet@razlog.bg
354,Община Ракитово,Пазарджик,Ракитово,,,,,,rakitovo@rakitovo.bg
355,Община Раковски,Пловдив,Раковски,,,,,,oa@rakovski.bg
356,Община Рила,Кюстендил,Рила,,,,,,rilamunicipality@gmail.com
357,Община Родопи,Пловдив,Родопи,,,,,,obshtina@rodopi.bg
358,Община Роман,Враца,Роман,,,,,,roman@roman.bg
359,Община Рудозем,Смолян,Рудозем,,,,,,oba@rudozem.bg
360,Община Руен,Бургас,Руен,,,,,,ruen@ruen.egov.bg
361,Община Ружинци,Видин,Ружинци,,,,,,rujinci@abv.bg
362,Община Русе,Русе,Русе,,,,,,mayor@ruse-bg.eu
363,Община Садово,Пловдив,Садово,,,,,,sadovo@sadovo.bg
364,Община Самоков,София,Самоков,,,,,,samokov@samokov.bg
365,Община Самуил,Разград,Самуил,,,,,,info@samuil.bg
366,Община Сандански,Благоевград,Сандански,,,,,,oba@sandanski.bg
367,Община Сапарева Баня,Кюстендил,Сапарева Баня,,,,,,sap_oba@abv.bg
368,Община Сатовча,Благоевград,Сатовча,,,,,,kmet@satovcha.bg
369,Община Свиленград,Хасково,Свиленград,,,,,,obshtina@svilengrad.bg
370,Община Свищов,Велико Търново,Свищов,,,,,,obshtina@svishtov.bg
371,Община Своге,София,Своге,,,,,,delovodstvo@svoge.bg
372,Община Севлиево,Габрово,Севлиево,,,,,,sevlievo@sevlievo.bg
373,Община Септември,Пазарджик,Септември,,,,,,municipality@septemvri.bg
374,Община Силистра,Силистра,Силистра,,,,,,mayor@silistra.bg
375,Община Симеоновград,Хасково,Симеоновград,,,,,,obshtina@simeonovgrad.bg
376,Община Симитли,Благоевград,Симитли,,,,,,oba@simitli.bg
377,Община Ситово,Силистра,Ситово,,,,,,sitovo@mail.bg
378,Община Сливен,Сливен,Сливен,,,,,,obstina@sliven.bg
379,Община Сливница,София,Сливница,,,,,,slivnitsa@slivnitsa.bg
380,Община Сливо поле,Русе,Сливо поле,,,,,,slivopole@slivopole.bg
381,Община Смолян,Смолян,Смолян,,,,,,obshtina@smolyan.egov.bg
382,Община Смядово,Шумен,Смядово,,,,,,obshtina_smiadovo@abv.bg
383,Община Созопол,Бургас,Созопол,,,,,,obshtina@sozopol.bg
384,Община Сопот,Пловдив,Сопот,,,,,,
385,Община Средец,Бургас,Средец,,,,,,info@sredets.bg
386,Община Стамболийски,Пловдив,Стамболийски,,,,,,obshtina@stamboliyski.egov.bg
387,Община Стамболово,Хасково,Стамболово,,,,,,kmet@stambolovo.bg
388,Община Стара Загора,Стара Загора,Стара Загора,,,,,,sz@starazagora.bg
389,Община Стражица,Велико Търново,Стражица,,,,,,obshtina@strazhitsa.egov.bg
390,Община Стралджа,Ямбол,Стралджа,,,,,,obshtina@straldzha.bg
391,Община Стрелча,Пазарджик,Стрелча,,,,,,kmet.strelcha@gmail.bg
392,Община Струмяни,Благоевград,Струмяни,,,,,,kmet@strumyani.egov.bg
393,Община Суворово,Варна,Суворово,,,,,,kmet@suvorovo.bg
394,Община Сунгурларе,Бургас,Сунгурларе,,,,,,kmetsungurlare@abv.bg
395,Община Сухиндол,Велико Търново,Сухиндол,,,,,,kmet@suhindol.egov.bg
396,Община Съединение,Пловдив,Съединение,,,,,,oba_saedinenie@abv.bg
397,Община Сърница,Пазарджик,Сърница,,,,,,
398,Община Твърдица,Сливен,Твърдица,,,,,,obshtina@tvarditsa.bg
399,Община Тервел,Добрич,Тервел,,,,,,tervel@tervel.bg
400,Община Тетевен,Ловеч,Тетевен,,,,,,mayor@teteven.bg
401,Община Тополовград,Хасково,Тополовград,,,,,,obshtina@topolovgrad.bg
402,Община Трекляно,Кюстендил,Трекляно,,,,,,obshtina_treklqno@abv.bg
403,Община Троян,Ловеч,Троян,,,,,,mayor@troyan.bg
404,Община Трън,Перник,Трън,,,,,,obshtina@tran.egov.bg
405,Община Трявна,Габрово,Трявна,,,,,,tryavna@tryavna.bg
406,Община Тунджа,Ямбол,Тунджа,,,,,,contact@tundzha.bg
407,Община Тутракан,Силистра,Тутракан,,,,,,tutrakan@b-trust.org
408,Община Търговище,Търговище,Търговище,,,,,,obshtina@targovishte.bg
409,Община Угърчин,Ловеч,Угърчин,,,,,,obshtina@ugarchin.com
410,Община Хаджидимово,Благоевград,Хаджидимово,,,,,,obshtina_hadjidimovo@mail.bg
411,Община Хайредин,Враца,Хайредин,,,,,,hayredin_ob@mail.bg
412,Община Харманли,Хасково,Харманли,,,,,,obshtina@harmanli.bg
413,Община Хасково,Хасково,Хасково,,,,,,kmet@haskovo.bg
414,Община Хисаря,Пловдив,Хисаря,,,,,,contacts@hisarya.bg
415,Община Хитрино,Шумен,Хитрино,,,,,,kmet@hitrino.bg
416,Община Цар Калоян,Разград,Цар Калоян,,,,,,obshtina@tsarkaloyan.bg
417,Община Царево,Бургас,Царево,,,,,,tsarevo@tsarevo.bg
418,Община Ценово,Русе,Ценово,,,,,,obshtina@tsenovo.bg
419,Община Чавдар,София,Чавдар,,,,,,obchavdar@abv.bg
420,Община Челопеч,София,Челопеч,,,,,,Obshtina.Chelopech@chelopech.egov.bg
421,Община Чепеларе,Смолян,Чепеларе,,,,,,mail@chepelare.bg
422,Община Червен бряг,Плевен,Червен бряг,,,,,,municipality@chervenbryag.bg
423,Община Черноочене,Кърджали,Черноочене,,,,,,obshtina_chernoochene@abv.bg
424,Община Чипровци,Монтана,Чипровци,,,,,,chiprovci@mail.bg
425,Община Чирпан,Стара Загора,Чирпан,,,,,,kmet@chirpan.bg
426,Община Чупрене,Видин,Чупрене,,,,,,ob_chuprene@chuprene.egov.bg
427,Община Шабла,Добрич,Шабла,,,,,,obshtina@ob-shabla.org
428,Община Шумен,Шумен,Шумен,,,,,,mayor@shumen.bg
429,Община Ябланица,Ловеч,Ябланица,,,,,,kmet@yablanitsa.bg
430,Община Якимово,Монтана,Якимово,,,,,,qkimovo@net-surf.net
431,Община Якоруда,Благоевград,Якоруда,,,,,,obshtina@yakoruda.egov.bg
432,Община Ямбол,Ямбол,Ямбол,,,,,,yambol@yambol.bg
433,Омбудсман на Република България,,,,,,,,
434,Патентно ведомство на Република България,,,,,,,,
435,Пристанище Бургас ЕАД,Бургас,Бургас,,,,,,
436,Прокуратура на Република България,,,,,,,,
445,Регионална дирекция по горите - Берковица,Монтана,,,,,,,rugberkovitca@iag.bg
438,Регионална дирекция по горите - Благоевград,Благоевград,,,,,,,rugblagoevgrad@iag.bg
451,Регионална дирекция по горите - Бургас,Бургас,,,,,,,rugburgas@iag.bg
452,Регионална дирекция по горите - Варна,Варна,,,,,,,rugvarna@iag.bg
439,Регионална дирекция по горите - Велико Търново,Велико Търново,,,,,,,rugvtarnovo@iag.bg
437,Регионална дирекция по горите - Кърджали,Кърджали,,,,,,,RugKarjali@iag.bg
446,Регионална дирекция по горите - Кюстендил,Кюстендил,,,,,,,rugkustendil@iag.bg
440,Регионална дирекция по горите - Ловеч,Ловеч,,,,,,,RugLovetch@iag.bg
447,Регионална дирекция по горите - Пазарджик,Пазарджик,,,,,,,RugPazardjik@iag.bg
448,Регионална дирекция по горите - Пловдив,Пловдив,,,,,,,RugPlovdiv@iag.bg
449,Регионална дирекция по горите - Русе,Русе,,,,,,,RugRuse@iag.bg
441,Регионална дирекция по горите - Сливен,Сливен,,,,,,,RugSliven@iag.bg
442,Регионална дирекция по горите - Смолян,Смолян,,,,,,,rugsmolian@iag.bg
450,Регионална дирекция по горите - София,София,,,,,,,rdgsofia@iag.bg
443,Регионална дирекция по горите - Стара Загора,Стара Загора,,,,,,,rdgstzagora@iag.bg
444,Регионална дирекция по горите - Шумен,Шумен,,,,,,,rugshumen@iag.bg
453,Регионална здравна инспекция -  Благоевград,Благоевград,,,,,,,rzibl@rzibl.org
454,Регионална здравна инспекция -  Бургас,Бургас,,,,,,,rzi@rzi-burgas.bg
455,Регионална здравна инспекция -  Варна,Варна,,,,,,,rzi-varna@mh.government.bg
456,Регионална здравна инспекция -  Велико Търново,Велико Търново,,,,,,,vt@rzi-vt.bg
457,Регионална здравна инспекция -  Видин,Видин,,,,,,,rzi-vidin@mh.government.bg
458,Регионална здравна инспекция -  Враца,Враца,,,,,,,rzi@rzi-vratsa.com
459,Регионална здравна инспекция -  Ловеч,Ловеч,,,,,,,director@rzi-lovech.bg
460,Регионална здравна инспекция -  Пазарджик,Пазарджик,,,,,,,rzi-pazardjik@mh.government.bg
461,Регионална здравна инспекция -  Плевен,Плевен,,,,,,,rzi@rzi-pleven.com
462,Регионална здравна инспекция -  Разград,Разград,,,,,,,rzi_razgrad@rzi-razgrad.egov.bg
463,Регионална здравна инспекция -  Русе,Русе,,,,,,,rzi@rzi-ruse.com
464,Регионална здравна инспекция -  Силистра,Силистра,,,,,,,rzi-silistra@mh.government.bg
465,Регионална здравна инспекция -  Смолян,Смолян,,,,,,,rzi@rzi-smolyan.com
466,Регионална здравна инспекция -  Хасково,Хасково,,,,,,,rzi@haskovo.net.
467,Регионална здравна инспекция -  Шумен,Шумен,,,,,,,rzi-shumen@mh.government.bg
468,Регионална здравна инспекция - Габрово,Габрово,,,,,,,Gabrovo@rzi-gbr.org
469,Регионална здравна инспекция - Добрич,Добрич,,,,,,,rzi-dobrich@mh.government.bg
470,Регионална здравна инспекция - Кърджали,Кърджали,,,,,,,rzi.kj@rzi-kardjali.com
471,Регионална здравна инспекция - Кюстендил,Кюстендил,,,,,,,rzi-kiustendil@mh.government.bg
472,Регионална здравна инспекция - Монтана,Монтана,,,,,,,rzi@rzi-montana.org
473,Регионална здравна инспекция - Перник,Перник,,,,,,,rzi_pk@b-trust.org
474,Регионална здравна инспекция - Пловдив,Пловдив,,,,,,,rzi-plovdiv@mh.government.bg
475,Регионална здравна инспекция - Сливен,Сливен,,,,,,,rzi-sliven@mbox.contact.bg
476,Регионална здравна инспекция - Софийска област,Софийска област,,,,,,,rzi@rzi-sfo.egov.bg
477,Регионална здравна инспекция - Стара Загора,Стара Загора,,,,,,,rzi-stara_zagora@mh.government.bg
478,Регионална здравна инспекция - Търговище,Търговище,,,,,,,rzi-targovishte@mh.government.bg
479,Регионална здравна инспекция - Ямбол,Ямбол,,,,,,,rzi-yambol@mh.government.bg
480,Регионална инспекция по околната среда и водите -  Велико Търново,Велико Търново,,,,,,,
481,Регионална инспекция по околната среда и водите -  Плевен,Плевен,,,,,,,
482,Регионална инспекция по околната среда и водите -  Смолян,Смолян,,,,,,,
483,Регионална инспекция по околната среда и водите - Благоевград,Благоевград,,,,,,,
484,Регионална инспекция по околната среда и водите - Бургас,Бургас,,,,,,,
485,Регионална инспекция по околната среда и водите - Варна,Варна,,,,,,,
486,Регионална инспекция по околната среда и водите - Враца,Враца,,,,,,,
487,Регионална инспекция по околната среда и водите - Пазарджик,Пазарджик,,,,,,,
488,Регионална инспекция по околната среда и водите - Перник,Перник,,,,,,,
489,Регионална инспекция по околната среда и водите - Пловдив,Пловдив,,,,,,,
490,Регионална инспекция по околната среда и водите - Русе,Русе,,,,,,,
491,Регионална инспекция по околната среда и водите - София,София,,,,,,,
492,Регионална инспекция по околната среда и водите - Хасково,Хасково,,,,,,,
493,Регионално управление на образованието -  Бургас,Бургас,,,,,,,
494,Регионално управление на образованието -  Варна,Варна,,,,,,,
495,Регионално управление на образованието -  Велико Търново,Велико Търново,,,,,,,
496,Регионално управление на образованието -  Видин,Видин,,,,,,,
497,Регионално управление на образованието -  Враца,Враца,,,,,,,
498,Регионално управление на образованието -  Габрово,Габрово,,,,,,,
499,Регионално управление на образованието -  Добрич,Добрич,,,,,,,
500,Регионално управление на образованието -  Кърджали,Кърджали,,,,,,,
501,Регионално управление на образованието -  Ловеч,Ловеч,,,,,,,
502,Регионално управление на образованието -  Монтана,Монтана,,,,,,,
503,Регионално управление на образованието -  Перник,Перник,,,,,,,
504,Регионално управление на образованието -  Плевен,Плевен,,,,,,,
505,Регионално управление на образованието -  Пловдив,Пловдив,,,,,,,
506,Регионално управление на образованието -  Разград,Разград,,,,,,,
507,Регионално управление на образованието -  Сливен,Сливен,,,,,,,
508,Регионално управление на образованието -  Смолян,Смолян,,,,,,,
509,Регионално управление на образованието -  Стара Загора,Стара Загора,,,,,,,
510,Регионално управление на образованието -  Търговище,Търговище,,,,,,,
511,Регионално управление на образованието -  Ямбол,Ямбол,,,,,,,
512,Регионално управление на образованието - Благоевград,Благоевград,,,,,,,
513,Регионално управление на образованието - Кюстендил,Кюстендил,,,,,,,
514,Регионално управление на образованието - Пазарджик,Пазарджик,,,,,,,
515,Регионално управление на образованието - София - регион,София-регион,,,,,,,
516,Регионално управление на образованието - София-град,София-град,,,,,,,
517,Регионално управление на образованието - София-регион,София-регион,,,,,,,
518,Регионално управление на образованието - Хасково,Хасково,,,,,,,
519,Регионално управление на образованието - Шумен,Шумен,,,,,,,
520,Регионално управление на образованието – Пазарджик,Пазарджик,,,,,,,
521,Регионално управление на образованието – Русе,Русе,,,,,,,
522,Регионално управление на образованието Силистра,Силистра,,,,,,,
523,РИОСВ - Монтана,Монтана,,,,,,,
524,РИОСВ - Стара Загора,Стара Загора,,,,,,,
525,РИОСВ - Шумен,Шумен,,,,,,,
526,Сметна палата,,,,,,,,
527,Столичен Инспекторат,София-столица,София,София,,,,,
528,Столична община,София-столица,София,София,,,,,
529,Столична община - Район Банкя,София-столица,София,София,Банкя,,,,
530,Столична община - Район Витоша,София-столица,София,София,Витоша,,,,
531,Столична община - Район Връбница,София-столица,София,София,Връбница,,,,
532,Столична община - Район Възраждане,София-столица,София,София,Възраждане,,,,
533,Столична община - Район Изгрев,София-столица,София,София,Изгрев,,,,
534,Столична община - Район Илинден,София-столица,София,София,Илинден,,,,
535,Столична община - Район Искър,София-столица,София,София,Искър,,,,
536,Столична община - Район Красна поляна,София-столица,София,София,Красна поляна,,,,
537,Столична община - Район Красно село,София-столица,София,София,Красно село,,,,
538,Столична община - Район Кремиковци,София-столица,София,София,Кремиковци,,,,
539,Столична община - Район Лозенец,София-столица,София,София,Лозенец,,,,
540,Столична община - Район Люлин,София-столица,София,София,Люлин,,,,
541,Столична община - Район Младост,София-столица,София,София,Младост,,,,
542,Столична община - Район Надежда,София-столица,София,София,Надежда,,,,
543,Столична община - Район Нови Искър,София-столица,София,София,Нови Искър,,,,
544,Столична община - Район Оборище,София-столица,София,София,Оборище,,,,
545,Столична община - Район Овча купел,София-столица,София,София,Овча купел,,,,
546,Столична община - Район Панчарево,София-столица,София,София,Панчарево,,,,
547,Столична община - Район Подуяне,София-столица,София,София,Подуяне,,,,
548,Столична община - Район Сердика,София-столица,София,София,Сердика,,,,
549,Столична община - Район Слатина,София-столица,София,София,Слатина,,,,
550,Столична община - Район Средец,София-столица,София,София,Средец,,,,
551,Столична община - Район Студентски,София-столица,София,София,Студентски,,,,
552,Столична община - Район Триадица,София-столица,София,София,Триадица,,,,
553,Столична регионална здравна инспекция (СРЗИ),София-столица,София,София,,,,,director@srzi.egov.bg
554,Съвет за електронни медии,,,,,,,,
555,Холдинг-Български Държавни Железници ЕАД,,,,,,,,
556,Централен регистър на особените залози към Министерството на правосъдието,,,,,,,,
557,Централна избирателна комисия,,,,,,,,
558,Център за асистирана репродукция,,,,,,,,
559,Център за насърчаване на сътрудничеството в областта на селското стопанство между Китай и страните от Централна и Източна Европа (ЦНСССКЦИЕ),,,,,,,,
560,Център за развитие на човешките ресурси - ЕРАЗЪМ +,,,,,,,,
,,,,,,,,,
, ,,,,,,,,